Date,Link,Name
2020-11-30 05:42,https://newyork.craigslist.org/que/act/d/springfield-gardens-drill-bit/7239136793.html,Drill bit
2020-11-30 05:30,https://newyork.craigslist.org/mnh/act/d/new-york-hme-alne-mm-need-na-fuunn/7239139738.html,H()mE AL(.)NE M()M Ne=ED N$A FuunN
2020-11-30 05:21,https://newyork.craigslist.org/que/act/d/ridgewood-here/7239139987.html,M here.
2020-11-30 05:13,https://newyork.craigslist.org/mnh/act/d/new-york-40y-older-woman/7239143923.html,40y/o Older woman......
2020-11-30 05:10,https://newyork.craigslist.org/wch/act/d/new-york-leeeeets-teeext-day-funnew-york/7239143702.html,Leeeeets teeext Day  fun.....new york
2020-11-30 05:10,https://newyork.craigslist.org/que/act/d/new-york-30-cubby-all-day-funnew-york/7239143674.html,30 cubby ++ All Day fun....new york
2020-11-30 04:30,https://newyork.craigslist.org/mnh/act/d/newark-42-years-lonelywomen/7239140397.html,42 years lonely_women
2020-11-30 04:04,https://newyork.craigslist.org/brk/act/d/staten-island-37y-divorced-mom/7239138241.html,37y/r Divorced Mom
2020-11-30 03:12,https://newyork.craigslist.org/que/act/d/queens-village-knockouts-2020-can/7239133548.html,Knockouts 2020 can anyone get them?
2020-11-30 03:07,https://newyork.craigslist.org/mnh/act/d/new-york-woman-looking-for-man-for-late/7239133109.html,+++Woman looking for a man for late night fun Pipe relief+++++
2020-11-30 03:06,https://newyork.craigslist.org/mnh/act/d/new-york-plumbing-work-my-placemy-crib/7239132803.html,+++plumbing work @ My place(my crib)+++++
2020-11-30 03:06,https://newyork.craigslist.org/mnh/act/d/new-york-just-cumon-my-face-mom-saysthe/7239131891.html,+++Just cumon my Face mom says(The city)++++
2020-11-30 03:04,https://newyork.craigslist.org/mnh/act/d/new-york-feel-good-woman-in-dunkin-mood/7239132542.html,+++++Feel good woman in dunkin' mood+++++
2020-11-30 03:02,https://newyork.craigslist.org/mnh/act/d/new-york-have-mycake-and-eat-it-too-old/7239132400.html,+++Have mycake and eat it Too Old fashioned here¬†(Nyc area)+++++
2020-11-30 03:01,https://newyork.craigslist.org/mnh/act/d/new-york-great-buttand-iam-mom-next/7239132287.html,++++Great buttand iam a mom Next door¬†(the city)++
2020-11-30 02:56,https://newyork.craigslist.org/mnh/act/d/new-york-pitstop-woman-for-food-delivry/7239131786.html,+++Pitstop Woman for food delivry cable Men (city area)++++
2020-11-30 02:15,https://newyork.craigslist.org/mnh/act/d/new-york-blue-collars/7231708981.html,Blue/Collars
2020-11-30 01:30,https://newyork.craigslist.org/brx/act/d/bronx-male-seeks-male-flute-player/7239104663.html,Male seeks Male Flute Player
2020-11-30 00:53,https://newyork.craigslist.org/stn/act/d/staten-island-need-buddy-or-pal/7238017404.html,Need a buddy or pal
2020-11-30 00:53,https://newyork.craigslist.org/stn/act/d/staten-island-hey-staten-island/7238017073.html,Hey Staten Island
2020-11-30 00:47,https://newyork.craigslist.org/mnh/act/d/new-york-seeking-nice-men/7239113317.html,Seeking niceüå∏ men
2020-11-30 00:33,https://newyork.craigslist.org/mnh/act/d/new-york-college-girl-looooooooking-for/7239110584.html,College girl looooooooking for fun
2020-11-30 00:33,https://newyork.craigslist.org/brk/act/d/new-york-sweetgrlhere/7239110578.html,!! .sweet_grl_here !!
2020-11-30 00:31,https://newyork.craigslist.org/mnh/act/d/union-nice-gentleman-for-baby/7239083166.html,Nice Gentleman for Baby
2020-11-30 00:28,https://newyork.craigslist.org/mnh/act/d/new-york-23yercollege-girl/7239109543.html,23_YEr_College girl !!!
2020-11-30 00:27,https://newyork.craigslist.org/mnh/act/d/new-york-unhappily-bored-and-lonely/7239109337.html,Unhappily bored and lonely..
2020-11-30 00:26,https://newyork.craigslist.org/que/act/d/new-york-cold-outside-warm-inside/7239101608.html,Cold outside warm inside
2020-11-30 00:25,https://newyork.craigslist.org/mnh/act/d/new-york-only-for-tonight/7239108855.html,Only for tonightüíö!
2020-11-30 00:22,https://newyork.craigslist.org/mnh/act/d/new-york-anyone-want-to-have-some-fun/7239108401.html,Anyone want to have some fun
2020-11-30 00:20,https://newyork.craigslist.org/mnh/act/d/new-york-eating-me-out-come-any-male/7239107966.html,Eating Me Out Come Any Male
2020-11-30 00:19,https://newyork.craigslist.org/que/act/d/jamaica-addie/7239106790.html,Addie
2020-11-30 00:11,https://newyork.craigslist.org/mnh/act/d/new-york-masc-btm/7239076273.html,Masc M Btm
2020-11-30 00:07,https://newyork.craigslist.org/mnh/act/d/new-york-looking-for-real-manly-men/7239105310.html,Looking for real manly men.
2020-11-30 00:06,https://newyork.craigslist.org/mnh/act/d/new-york-30yr-slim-female-looking-for/7239105079.html,30yr------ slim female looking for sum fun !
2020-11-30 00:06,https://newyork.craigslist.org/que/act/d/new-york-hoooook-upppppppp-innew-york/7239104913.html,"hoOOOok uPppppppp in,,,,,,,,,,,,,,,new york"
2020-11-30 00:05,https://newyork.craigslist.org/mnh/act/d/new-york-unhappy-female-need-amazing-fun/7239104854.html,Unhappy female Need Amazing fun...
2020-11-29 23:59,https://newyork.craigslist.org/brk/act/d/new-york-older-hot-womannew-york/7239101602.html,Older hot woman.............new york
2020-11-29 23:53,https://newyork.craigslist.org/mnh/act/d/union-nice-gentleman-for-baby/7239078342.html,Nice Gentleman for Baby
2020-11-29 23:51,https://newyork.craigslist.org/wch/act/d/new-rochelle-friendship/7234745228.html,Friendship
2020-11-29 23:31,https://newyork.craigslist.org/brk/act/d/brooklyn-whats-your-favorite-flower/7239066058.html,What‚Äôs your favorite flower ?
2020-11-29 22:28,https://newyork.craigslist.org/mnh/act/d/new-york-tennis-indoors-this-week-35m/7239073436.html,tennis indoors this week 3.5m
2020-11-29 22:22,https://newyork.craigslist.org/brk/act/d/brooklyn-looking-for-cool-straight-guys/7239042424.html,Looking for cool straight guys
2020-11-29 22:02,https://newyork.craigslist.org/brk/act/d/brooklyn-female-looking-for-xx-maleny/7239071755.html,female looking for a XX male.........NY
2020-11-29 21:48,https://newyork.craigslist.org/wch/act/d/white-plains-looking-for-f-for-well/7239034524.html,Looking for a F for well equipped guy
2020-11-29 21:42,https://newyork.craigslist.org/que/act/d/queens-village-fall-days/7239023500.html,Fall Days
2020-11-29 21:39,https://newyork.craigslist.org/que/act/d/college-point-20-something-female-will/7239024845.html,20 something female will talk  to strangers
2020-11-29 20:58,https://newyork.craigslist.org/lgi/act/d/glen-head-black-or-purtorican-buddy/7239017743.html,Black or purtorican buddy
2020-11-29 20:51,https://newyork.craigslist.org/mnh/act/d/new-york-writer-guy-writer-guy/7239001019.html,WRITER GUY 4 writer guy
2020-11-29 20:26,https://newyork.craigslist.org/mnh/act/d/female-seeking-malemanhattan/7239037571.html,female seeking male.................manhattan
2020-11-29 20:23,https://newyork.craigslist.org/brx/act/d/bronx-bxdp/7226216257.html,BXDP
2020-11-29 20:23,https://newyork.craigslist.org/mnh/act/d/new-york-saxophone-trio/7235695855.html,Saxophone trio
2020-11-29 20:23,https://newyork.craigslist.org/mnh/act/d/new-york-panettone/7237136594.html,D P.anettone
2020-11-29 20:18,https://newyork.craigslist.org/que/act/d/college-point-head-gasket-workshop/7239021675.html,HEAD GASKET WORKSHOP
2020-11-29 20:11,https://newyork.craigslist.org/lgi/act/d/far-rockaway-frum-guy/7239029041.html,frum guy
2020-11-29 20:10,https://newyork.craigslist.org/que/act/d/queens-village-fall-days/7239023308.html,Fall Days
2020-11-29 20:01,https://newyork.craigslist.org/mnh/act/d/new-york-new-year-new-friends/7238986070.html,"New Year, New Friends!"
2020-11-29 18:57,https://newyork.craigslist.org/brk/act/d/brooklyn-movie-night-and-food-in/7239000199.html,movie night and food in ridgewood
2020-11-29 18:45,https://newyork.craigslist.org/que/act/d/far-rockaway-gamer-online/7237555235.html,Gamer Online
2020-11-29 18:21,https://newyork.craigslist.org/brk/act/d/brooklyn-looking-for-experience-woman/7238983650.html,Looking for experience  woman who wants to teach me some great stuff
2020-11-29 18:16,https://newyork.craigslist.org/mnh/act/d/new-york-gentleman-seeking-female/7228259307.html,gentleman seeking female distraction
2020-11-29 18:15,https://newyork.craigslist.org/que/act/d/woodside-male-lumberjack-tennis-player/7230768642.html,Male lumberjack tennis player seeking female partner on weekends
2020-11-29 18:02,https://newyork.craigslist.org/wch/act/d/yonkers-we-should-meet-again/7238967725.html,We should meet again
2020-11-29 17:57,https://newyork.craigslist.org/lgi/act/d/valley-stream-female-activity-partner/7238960845.html,female activity partner
2020-11-29 17:55,https://newyork.craigslist.org/brx/act/d/bronx-college-girl-looking-to-help-park/7238926959.html,College girl looking to help park your car in my garage
2020-11-29 17:44,https://newyork.craigslist.org/mnh/act/d/new-york-join-the-stacked-collectors/7238934046.html,Join the Stacked Collectors community!
2020-11-29 17:33,https://newyork.craigslist.org/stn/act/d/staten-island-looking-for-couple-to/7238908805.html,looking for a couple to watch them do there activity
2020-11-29 17:32,https://newyork.craigslist.org/que/act/d/elmhurst-mhereforf/7238891644.html,MhereforF
2020-11-29 17:32,https://newyork.craigslist.org/mnh/act/d/new-york-phone-connection/7238897431.html,Phone Connection
2020-11-29 17:24,https://newyork.craigslist.org/brx/act/d/bronx-looking-for-male/7238908551.html,Looking for a male
2020-11-29 17:03,https://newyork.craigslist.org/que/act/d/middle-village-seeking-flute-player/7238894265.html,Seeking flute player
2020-11-29 16:38,https://newyork.craigslist.org/que/act/d/jackson-heights-asian-guy-here/7238895894.html,Asian guy here
2020-11-29 16:22,https://newyork.craigslist.org/mnh/act/d/new-york-female-college-student/7238920390.html,Female College Student?
2020-11-29 16:13,https://newyork.craigslist.org/brk/act/d/brooklyn-make-me-laugh/7238879729.html,Make Me Laugh
2020-11-29 16:09,https://newyork.craigslist.org/lgi/act/d/valley-stream-female-activity-partner/7238900274.html,Female Activity Partner Valley Stream
2020-11-29 16:00,https://newyork.craigslist.org/lgi/act/d/freeport-you-called-me-weds-night/7238870810.html,YOU CALLED ME WEDS NIGHT
2020-11-29 15:31,https://newyork.craigslist.org/que/act/d/forest-hills-dinner-out/7236477238.html,Dinner Out
2020-11-29 15:24,https://newyork.craigslist.org/que/act/d/forest-hills-football-game/7236543987.html,Football Game
2020-11-29 15:06,https://newyork.craigslist.org/stn/act/d/staten-island-pipe-cleaning-for-you/7238876339.html,Pipe cleaning for you
2020-11-29 14:28,https://newyork.craigslist.org/wch/act/d/elmsford-looking-for-fellow-reptile/7238828356.html,Looking for fellow reptile lovers/ enthusiasts in the area
2020-11-29 14:15,https://newyork.craigslist.org/mnh/act/d/new-york-55yrs-big-boooobs-nice-assss/7238786903.html,55Yrs BIG BOOOOBS NICE ASSSS
2020-11-29 13:47,https://newyork.craigslist.org/que/act/d/maspeth-asian-woman/7233469234.html,Asian woman
2020-11-29 13:02,https://newyork.craigslist.org/que/act/d/bayside-these-are-difficult-times/7238728607.html,These are difficult  times
2020-11-29 13:01,https://newyork.craigslist.org/mnh/act/d/bayside-unemployed-college-female/7238742905.html,unemployed  college  female?
2020-11-29 12:54,https://newyork.craigslist.org/mnh/act/d/new-york-mmtensionrelieving/7238757093.html,(M&M)TensionRelieving
2020-11-29 12:51,https://newyork.craigslist.org/mnh/act/d/new-york-activity-partner-desired/7231247441.html,Activity Partner Desired!
2020-11-29 12:50,https://newyork.craigslist.org/mnh/act/d/new-york-seeking-to-reconnect-with/7230336705.html,Seeking to reconnect with Grace Harkin
2020-11-29 12:49,https://newyork.craigslist.org/mnh/act/d/new-york-where-is-my-damsel-in-damsel/7233073539.html,Where is my damsel in damsel in distress? (East Village)
2020-11-29 12:21,https://newyork.craigslist.org/brx/act/d/bronx-male-couple/7238708892.html,Male couple  54 & 57
2020-11-29 11:59,https://newyork.craigslist.org/brk/act/d/new-york-game-rental-super-special/7238729990.html,Game rental super special
2020-11-29 11:49,https://newyork.craigslist.org/brk/act/d/richmond-hill-looking-for-night-out/7234977654.html,Looking for a night out?
2020-11-29 11:46,https://newyork.craigslist.org/wch/act/d/new-rochelle-activity-partners-wanted/7238706121.html,Activity partners wanted
2020-11-29 11:44,https://newyork.craigslist.org/brx/act/d/bronx-autosexual-romantic/7238707728.html,autosexual/ romantic
2020-11-29 11:36,https://newyork.craigslist.org/mnh/act/d/new-york-looking-for-travel-relocation/7231733363.html,Looking For A Travel/Relocation Partner
2020-11-29 11:31,https://newyork.craigslist.org/lgi/act/d/glen-cove-pretty-girl-wanted-for-party/7238741461.html,Pretty girl wanted for party this Saturday
2020-11-29 11:30,https://newyork.craigslist.org/mnh/act/d/brooklyn-couple-workshops/7238730742.html,Couple Workshops
2020-11-29 11:24,https://newyork.craigslist.org/lgi/act/d/valley-stream-female-activity-partner/7238724885.html,female activity partner
2020-11-29 11:20,https://newyork.craigslist.org/brx/act/d/bronx-busco-activos-para-diversion/7238735168.html,Busco activos para diversion
2020-11-29 11:00,https://newyork.craigslist.org/brk/act/d/brooklyn-male-college-student-needed/7229804750.html,Male college student needed for apartment cleaning
2020-11-29 10:59,https://newyork.craigslist.org/brk/act/d/brooklyn-newbie-wanted/7229901177.html,Newbie wanted
2020-11-29 10:59,https://newyork.craigslist.org/mnh/act/d/brooklyn-male-college-student-job/7235246091.html,Male college student job
2020-11-29 10:59,https://newyork.craigslist.org/mnh/act/d/new-york-looking-for-entrepreneurial/7238723375.html,Looking for Entrepreneurial Women
2020-11-29 10:36,https://newyork.craigslist.org/mnh/act/d/new-york-seek-creative-girl-for-phone/7238682356.html,Seek creative girl for phone talk
2020-11-29 10:31,https://newyork.craigslist.org/brk/act/d/brooklyn-looking-to-sharpen-my-wood/7238674165.html,Looking to sharpen my wood working skills
2020-11-29 10:14,https://newyork.craigslist.org/mnh/act/d/new-york-gay-white-bottom-looking-for/7238701992.html,Gay white  bottom looking for gay Asian top
2020-11-29 10:02,https://newyork.craigslist.org/wch/act/d/bronxville-solo-in-bronxville/7238659290.html,Solo in Bronxville
2020-11-29 09:06,https://newyork.craigslist.org/mnh/act/d/new-york-these-are-difficult-times/7234916495.html,These are difficult times
2020-11-29 09:05,https://newyork.craigslist.org/que/act/d/oakland-gardens-looking-to-hang-out/7238674633.html,looking to hang out
2020-11-29 08:53,https://newyork.craigslist.org/mnh/act/d/new-york-conversational-english-or/7234041821.html,Conversational English -- or French or Japanese
2020-11-29 08:40,https://newyork.craigslist.org/jsy/act/d/staten-island-guy-in-need-of-work-boots/7238651133.html,guy in need of work boots
2020-11-29 08:19,https://newyork.craigslist.org/mnh/act/d/new-york-relaxing-you-corona-neg-east/7238654006.html,Relaxing you -corona NEG (east vill ev uni sqr us or travel to y
2020-11-29 06:42,https://newyork.craigslist.org/mnh/act/d/new-york-26year-old-female-seeking-day/7238643990.html,26year old female seeking day & night.
2020-11-29 04:37,https://newyork.craigslist.org/brx/act/d/bronx-baseball-football-bud-wanted/7238629911.html,Baseball/Football Bud Wanted
2020-11-29 02:14,https://newyork.craigslist.org/brk/act/d/brooklyn-seeking-bike-riding-partner/7237188322.html,Seeking Bike Riding Partner
2020-11-29 01:43,https://newyork.craigslist.org/stn/act/d/staten-island-family/7238605820.html,Family
2020-11-29 01:17,https://newyork.craigslist.org/lgi/act/d/freeport-podcasting/7230706507.html,Podcasting
2020-11-29 01:17,https://newyork.craigslist.org/lgi/act/d/freeport-podcasting/7230706105.html,Podcasting
2020-11-29 01:14,https://newyork.craigslist.org/stn/act/d/staten-island-let-me-check-out-your/7238612278.html,Let Me Check Out Your Belt Buckle
2020-11-29 01:13,https://newyork.craigslist.org/brk/act/d/brooklyn-like-chocolate-ice-cream/7232245874.html,Like chocolate ice cream ?
2020-11-29 01:10,https://newyork.craigslist.org/stn/act/d/staten-island-up/7238611710.html,UP?
2020-11-29 01:01,https://newyork.craigslist.org/stn/act/d/staten-island-stand-kn-eel/7238610394.html,u stand i kn eel
2020-11-28 23:34,https://newyork.craigslist.org/brk/act/d/brooklyn-woodworking-brothers/7238571881.html,Woodworking brothers
2020-11-28 22:06,https://newyork.craigslist.org/wch/act/d/yonkers-ladies-only/7238556324.html,Ladies only
2020-11-28 21:59,https://newyork.craigslist.org/brk/act/d/brooklyn-frum-yungerman/7237419266.html,Frum yungerman
2020-11-28 21:45,https://newyork.craigslist.org/stn/act/d/staten-island-guy-in-need-of-boots/7235191248.html,guy in need of boots
2020-11-28 21:38,https://newyork.craigslist.org/que/act/d/east-elmhurst-come-to-you-looking-to/7235941765.html,I come to you - looking to skip the gym tonight
2020-11-28 21:38,https://newyork.craigslist.org/que/act/d/east-elmhurst-bored-and-awake-anyone/7237177781.html,Bored and awake anyone ?
2020-11-28 21:38,https://newyork.craigslist.org/que/act/d/east-elmhurst-car-dinner/7235813624.html,Car dinner ?
2020-11-28 21:27,https://newyork.craigslist.org/stn/act/d/staten-island-guys-on-the-job/7238556468.html,guys on the job
2020-11-28 21:12,https://newyork.craigslist.org/brk/act/d/monsey-frum/7234084586.html,frum
2020-11-28 20:58,https://newyork.craigslist.org/brx/act/d/ridgewood-free-stress-release-body-rub/7238523844.html,Free stress release body rub for men
2020-11-28 20:47,https://newyork.craigslist.org/brk/act/d/brooklyn-never-been-with-black-woman/7238537817.html,Never been with black woman
2020-11-28 20:34,https://newyork.craigslist.org/stn/act/d/staten-island-hanging-in-si/7238544753.html,Hanging in SI
2020-11-28 20:19,https://newyork.craigslist.org/lgi/act/d/roslyn-looking-for-activity-partner/7238492461.html,M looking for activity partner
2020-11-28 20:12,https://newyork.craigslist.org/mnh/act/d/new-york-conversational-english-or/7238526184.html,Conversational English -- or French or Japanese
2020-11-28 19:49,https://newyork.craigslist.org/brk/act/d/brooklyn-looking-for-an-activity-partner/7238506188.html,Looking for an activity partner
2020-11-28 18:49,https://newyork.craigslist.org/stn/act/d/staten-island-or-al-u/7238501843.html,Or al  4 u
2020-11-28 18:44,https://newyork.craigslist.org/mnh/act/d/new-york-gentleman-seeking-female/7231581339.html,gentleman seeking female distraction
2020-11-28 18:33,https://newyork.craigslist.org/que/act/d/forest-hills-man-looking-for-cd-tv/7238440861.html,man looking for cd/tv friend
2020-11-28 18:25,https://newyork.craigslist.org/brk/act/d/brooklyn-spread-cheeks/7234283871.html,Spread Cheeks
2020-11-28 18:24,https://newyork.craigslist.org/que/act/d/rego-park-fall-undresses-nature/7238488335.html,Fall Undresses Nature
2020-11-28 18:09,https://newyork.craigslist.org/que/act/d/oakland-gardens-looking-to-hang-out/7238485723.html,looking to hang out
2020-11-28 17:33,https://newyork.craigslist.org/que/act/d/elmhurst-latn-bm-looking-to-meet-mta/7238458800.html,Lat√≠n BM Looking to meet MTA drivers or Deliveries Drivers.
2020-11-28 17:29,https://newyork.craigslist.org/que/act/d/astoria-male-interior-decorating/7238426529.html,Male interior decorating hobbyist looking for a woman's opinion
2020-11-28 17:16,https://newyork.craigslist.org/brk/act/d/ridgewood-are-you-looking-to-release/7238403034.html,Are you looking to release
2020-11-28 17:10,https://newyork.craigslist.org/brk/act/d/brooklyn-28f-got-car/7238410989.html,28f got a car?
2020-11-28 17:10,https://newyork.craigslist.org/mnh/act/d/brooklyn-fun-cd-hoping-turkey-and-good/7237262332.html,Fun CD Hoping 4 Turkey And Good Stuffing
2020-11-28 16:40,https://newyork.craigslist.org/brk/act/d/brooklyn-phone-fun/7235245515.html,Phone fun
2020-11-28 16:34,https://newyork.craigslist.org/que/act/d/richmond-hill-looking-for-night-out/7227454418.html,Looking for a night out?
2020-11-28 16:33,https://newyork.craigslist.org/wch/act/d/mahopac-falls-once-again/7238427446.html,"ONCE AGAIN,,,,"
2020-11-28 16:27,https://newyork.craigslist.org/wch/act/d/yonkers-any-females/7230328660.html,Any females?
2020-11-28 16:12,https://newyork.craigslist.org/mnh/act/d/new-york-john-st/7238414495.html,John St
2020-11-28 15:58,https://newyork.craigslist.org/brk/act/d/new-york-game-rental-super-special/7235821978.html,Game rental super special
2020-11-28 15:58,https://newyork.craigslist.org/brk/act/d/new-york-game-rental-super-special/7235808505.html,Game rental super special
2020-11-28 15:58,https://newyork.craigslist.org/brk/act/d/new-york-game-rental-super-special/7235808811.html,Game rental super special
2020-11-28 15:45,https://newyork.craigslist.org/que/act/d/forest-hills-anyone-wanna-hangout/7238365012.html,Anyone wanna hangout?
2020-11-28 15:29,https://newyork.craigslist.org/brk/act/d/brooklyn-clean-fun/7238393473.html,Clean Fun
2020-11-28 15:27,https://newyork.craigslist.org/mnh/act/d/new-york-do-you-like-pina-coladas-and/7238357981.html,Do you like pina coladas and getting caught in the rain?
2020-11-28 15:25,https://newyork.craigslist.org/mnh/act/d/new-york-seek-creative-female-for-phone/7238317411.html,Seek creative female for phone talk
2020-11-28 15:19,https://newyork.craigslist.org/mnh/act/d/new-york-looking-for-black-brown-middle/7238341076.html,Looking for a Black/Brown/Middle Eastern man for serious relationships
2020-11-28 15:04,https://newyork.craigslist.org/brk/act/d/brooklyn-dear-princess-pamper-your-feet/7238365936.html,"Dear princess, pamper your feet"
2020-11-28 14:58,https://newyork.craigslist.org/mnh/act/d/new-york-playful-activities-in-new-york/7237333518.html,Playful Activities in New York
2020-11-28 14:56,https://newyork.craigslist.org/que/act/d/jamaica-seeking-sweet-nyc-lady-whos/7231161679.html,seeking Sweet Nyc lady whos into the arts
2020-11-28 14:25,https://newyork.craigslist.org/wch/act/d/white-plains-in-need-of-company/7238319040.html,In need of company
2020-11-28 14:14,https://newyork.craigslist.org/que/act/d/elmhurst-im-plumber/7237114110.html,I'M PLUMBER
2020-11-28 13:58,https://newyork.craigslist.org/mnh/act/d/new-york-you-liked-my-truck-any-guy/7236778471.html,You liked my truck any guy
2020-11-28 12:52,https://newyork.craigslist.org/mnh/act/d/new-york-office/7238281204.html,Office
2020-11-28 12:23,https://newyork.craigslist.org/mnh/act/d/new-york-n-a-f-friend/7230555866.html,A N R / A B F - friend
2020-11-28 11:53,https://newyork.craigslist.org/lgi/act/d/rockville-centre-hiking-friends/7235281063.html,Hiking friends
2020-11-28 11:51,https://newyork.craigslist.org/wch/act/d/yonkers-seeking-golf-partner/7238193363.html,M Seeking F Golf Partner
2020-11-28 11:42,https://newyork.craigslist.org/jsy/act/d/new-york-our-nyc-org-ies-are-cancelled/7238183392.html,Our NYC Org/ies Are Cancelled
2020-11-28 11:34,https://newyork.craigslist.org/mnh/act/d/new-york-young-stud/7238198331.html,Young Stud
2020-11-28 11:34,https://newyork.craigslist.org/brx/act/d/bronx-sub-male-looking-to-host-now/7238224059.html,Sub male looking to host now
2020-11-28 11:10,https://newyork.craigslist.org/brk/act/d/brooklyn-attractive-male-looking-for/7238207925.html,Attractive male looking for company
2020-11-28 10:52,https://newyork.craigslist.org/que/act/d/rego-park-bottom-top/7238143072.html,Bottom 4 top
2020-11-28 10:33,https://newyork.craigslist.org/brk/act/d/brooklyn-hey-rj-its-angel-from-snap/7224889659.html,"Hey Rj, It‚Äôs Angel from Snap.."
2020-11-28 10:31,https://newyork.craigslist.org/brx/act/d/bronx-need-directions-to-poundtown/7233422038.html,I need directions to poundtown
2020-11-28 10:09,https://newyork.craigslist.org/brk/act/d/brooklyn-foot-service/7238126757.html,Foot Service
2020-11-28 09:47,https://newyork.craigslist.org/que/act/d/floral-park-looking-to-hang-out/7238159771.html,looking to hang out
2020-11-28 08:59,https://newyork.craigslist.org/mnh/act/d/new-york-walking-partner/7238134803.html,Walking partner
2020-11-28 08:27,https://newyork.craigslist.org/mnh/act/d/new-york-do-women-like-to-watch-men/7238112905.html,do women like to watch 2 men?
2020-11-28 08:19,https://newyork.craigslist.org/wch/act/d/irvington-masc-bi-dude/7235354957.html,Masc Bi Dude
2020-11-28 07:30,https://newyork.craigslist.org/que/act/d/hollis-workout-partner/7238114328.html,Workout Partner
2020-11-28 07:29,https://newyork.craigslist.org/wch/act/d/yorktown-heights-male-over-60-hiking/7238113668.html,"Male, over 60 Hiking Partner in Westchester"
2020-11-28 07:22,https://newyork.craigslist.org/mnh/act/d/new-york-walking-or-bicycling-companion/7235502741.html,Walking or Bicycling Companion
2020-11-28 06:13,https://newyork.craigslist.org/lgi/act/d/richmond-hill-looking-for-night-out/7230021586.html,Looking for a night out?
2020-11-28 05:06,https://newyork.craigslist.org/lgi/act/d/bayport-tutor-needed-on-how-to-get-to/7233460724.html,Tutor Needed  on how to get to a Happy Place
2020-11-28 03:48,https://newyork.craigslist.org/stn/act/d/staten-island-melinda-im-in-love-with/7238086910.html,Melinda I‚Äôm in love with you
2020-11-28 03:30,https://newyork.craigslist.org/que/act/d/forest-hills-hangout-buddy-right-now/7238078598.html,Hangout buddy right now
2020-11-28 02:36,https://newyork.craigslist.org/brk/act/d/brooklyn-hangout-buddies/7238075100.html,Hangout buddies
2020-11-28 02:05,https://newyork.craigslist.org/brk/act/d/brooklyn-lets-meet/7238074910.html,Let‚Äôs meet
2020-11-28 00:55,https://newyork.craigslist.org/lgi/act/d/new-york-older-mwm-looking-for-tonight/7236007481.html,OldeR mwM lookinG fOr toniGht
2020-11-28 00:54,https://newyork.craigslist.org/lgi/act/d/new-york-older-mwm-looking-for-tonight/7236007848.html,OldeR mwM lookinG fOr toniGht
2020-11-27 23:58,https://newyork.craigslist.org/que/act/d/forest-hills-looking-for-quarantine/7235119995.html,Looking for a quarantine buddy ;)
2020-11-27 23:57,https://newyork.craigslist.org/stn/act/d/staten-island-anyone-in-need-of/7237051313.html,Anyone in need of servicing
2020-11-27 23:56,https://newyork.craigslist.org/stn/act/d/staten-island-any-females-looking-for/7237093307.html,Any females looking for some side work?
2020-11-27 23:14,https://newyork.craigslist.org/que/act/d/elmhurst-do-any-asian-girls-like/7238030463.html,DO ANY ASIAN GIRLS LIKE WATCHING A GUY---
2020-11-27 22:39,https://newyork.craigslist.org/brk/act/d/brooklyn-40s-guy-seeking-young-male/7230462447.html,40's guy seeking young male friend
2020-11-27 22:39,https://newyork.craigslist.org/mnh/act/d/brooklyn-winter-fun/7234391161.html,Winter fun
2020-11-27 20:09,https://newyork.craigslist.org/mnh/act/d/new-york-gentleman-seeking-female/7227680483.html,gentleman seeking female distraction
2020-11-27 19:54,https://newyork.craigslist.org/brk/act/d/brooklyn-car-alone/7237984385.html,Car alone
2020-11-27 19:31,https://newyork.craigslist.org/mnh/act/d/new-york-educational-exchange-chinese/7237969600.html,Educational Exchange: Chinese for English
2020-11-27 18:44,https://newyork.craigslist.org/que/act/d/east-elmhurst-in-my-car-alone-and-need/7237954667.html,"In my car, alone and need a female activity partner"
2020-11-27 18:39,https://newyork.craigslist.org/wch/act/d/yonkers-little-one/7237905278.html,Little one
2020-11-27 18:18,https://newyork.craigslist.org/brx/act/d/yonkers-small/7237898526.html,Small
2020-11-27 18:16,https://newyork.craigslist.org/stn/act/d/staten-island-my-favorite-activity-is/7237911570.html,My favorite activity is taking picture
2020-11-27 18:13,https://newyork.craigslist.org/mnh/act/d/tailor-seamstress-sample-maker/7237929533.html,Tailor/Seamstress/Sample maker/Alteration Specialist/Fitter
2020-11-27 18:06,https://newyork.craigslist.org/que/act/d/forest-hills-hangout-buddy/7237873922.html,Hangout buddy :)
2020-11-27 18:06,https://newyork.craigslist.org/wch/act/d/yonkers-exibit/7237896616.html,Exibit
2020-11-27 18:04,https://newyork.craigslist.org/mnh/act/d/brooklyn-colombian-male-figure-model/7237900968.html,Colombian male figure model
2020-11-27 17:55,https://newyork.craigslist.org/que/act/d/east-elmhurst-in-search-of-female/7224079869.html,In search of a female activity partner that is willing to let me eatt.
2020-11-27 17:55,https://newyork.craigslist.org/que/act/d/east-elmhurst-looking-for-female/7235530238.html,Looking for a female activity partner
2020-11-27 16:58,https://newyork.craigslist.org/mnh/act/d/corona-19-year-old-looking-for-older-man/7237900961.html,19 year old looking for older man
2020-11-27 16:27,https://newyork.craigslist.org/wch/act/d/mount-vernon-need-help-around-the-house/7237807906.html,Need help around the house
2020-11-27 16:26,https://newyork.craigslist.org/mnh/act/d/new-york-black-friday-rooftop-drinks/7237813062.html,Black Friday rooftop drinks.......
2020-11-27 15:55,https://newyork.craigslist.org/que/act/d/whitestone-married-older-guy-italian/7237863960.html,"Married older guy, Italian American (61)"
2020-11-27 15:50,https://newyork.craigslist.org/mnh/act/d/new-york-foraging-for-edibles/7237008466.html,Foraging For Edibles
2020-11-27 15:25,https://newyork.craigslist.org/brk/act/d/brooklyn-li-mo-shading-on-wi-ndsh-ield/7237779172.html,LI 5% MO shading on wi NDsh ield- who are guys with it?
2020-11-27 15:09,https://newyork.craigslist.org/mnh/act/d/new-york-chocolate-women-ales/7237821415.html,Chocolate WOMEN üç´ üëÄ (M) ales
2020-11-27 14:51,https://newyork.craigslist.org/mnh/act/d/new-york-something-that-goes-along-with/7237812732.html,üç´(F) üëÄ (M )something that goes along with dugar Fatty
2020-11-27 14:38,https://newyork.craigslist.org/mnh/act/d/new-york-driver-needed-asap/7236444278.html,DRIVER NEEDED ASAP!
2020-11-27 14:09,https://newyork.craigslist.org/wch/act/d/chicago-lte-night-ctivities/7232103481.html,L@te NiGht @ctivities...*
2020-11-27 13:45,https://newyork.craigslist.org/brk/act/d/brooklyn-looking-for-man-sum-fun/7237703907.html,Looking for üëÆüëÆman sum funüëÆüëÆ
2020-11-27 13:39,https://newyork.craigslist.org/mnh/act/d/brooklyn-fun-activity-partners-sought/7233856804.html,Fun Activity Partners Sought By Statuesque CD
2020-11-27 13:26,https://newyork.craigslist.org/que/act/d/glen-oaks-young-flute-player/7237706783.html,Young Flute Player
2020-11-27 13:22,https://newyork.craigslist.org/mnh/act/d/new-york-eat-my-pink-pusssyyyy/7237763077.html,Eat My Pink Pusssyyyy
2020-11-27 13:08,https://newyork.craigslist.org/brk/act/d/brooklyn-lets-play-pool/7236601262.html,Let‚Äôs play pool
2020-11-27 12:56,https://newyork.craigslist.org/mnh/act/d/new-york-desiasian-open-to-stinulus/7237745566.html,Desiasian open to stinulus Packages !!
2020-11-27 12:56,https://newyork.craigslist.org/mnh/act/d/new-york-pakiazian-girl-needs-backedup/7237745221.html,Pakiazian girl nEEds backedup PipeSS
2020-11-27 12:40,https://newyork.craigslist.org/mnh/act/d/new-york-m50s-seeks-m70-or-older-for/7237671147.html,"M50s seeks M70 or older for coffee, museums + ?"
2020-11-27 12:38,https://newyork.craigslist.org/brk/act/d/brooklyn-frum-guy/7237692245.html,Frum Guy
2020-11-27 12:33,https://newyork.craigslist.org/fct/act/d/greenwich-after-thanksgiving/7237652158.html,After Thanksgiving
2020-11-27 12:26,https://newyork.craigslist.org/wch/act/d/valhalla-college-females-for-winter/7237650812.html,College females for winter internship
2020-11-27 12:15,https://newyork.craigslist.org/que/act/d/ozone-park-help-each-other-mfw/7237674696.html,Help each Other   MfW
2020-11-27 12:14,https://newyork.craigslist.org/lgi/act/d/deer-park-need-cleaning-lady/7237659659.html,Need a cleaning lady
2020-11-27 12:07,https://newyork.craigslist.org/brk/act/d/brooklyn-im-seeking-goddess/7237711462.html,I‚Äôm seeking a Goddess
2020-11-27 11:50,https://newyork.craigslist.org/lgi/act/d/new-york-blindfolded-huntington-station/7237700226.html,blindfolded huntington station!!
2020-11-27 11:50,https://newyork.craigslist.org/lgi/act/d/new-york-loooking-for-fun-dayyy/7237699802.html,lOOOking for A fun daYYY
2020-11-27 11:44,https://newyork.craigslist.org/lgi/act/d/new-york-loooking-fooor-fun-dayyy/7237696365.html,loooking fOOOr a fun daYYY
2020-11-27 11:25,https://newyork.craigslist.org/fct/act/d/trumbull-handiman-workshops/7237662352.html,Handiman Workshops
2020-11-27 11:25,https://newyork.craigslist.org/brk/act/d/brooklyn-for/7237623325.html,M for M
2020-11-27 11:18,https://newyork.craigslist.org/mnh/act/d/new-york-want-to-see-my-home-movies/7237679105.html,Want to see my home movies
2020-11-27 11:05,https://newyork.craigslist.org/fct/act/d/york-happy-bleak-friday-everyone/7237610384.html,Happy Bleak Friday Everyone
2020-11-27 11:00,https://newyork.craigslist.org/que/act/d/astoria-looking-for-top/7237622784.html,Looking for a top
2020-11-27 10:56,https://newyork.craigslist.org/mnh/act/d/new-york-in-the-time-of-masks-can-help/7229061492.html,In the Time of Masks I Can Help You Cope with Stress Management
2020-11-27 10:55,https://newyork.craigslist.org/brx/act/d/bronx-male-couple/7237618892.html,Male couple  54 & 57
2020-11-27 10:33,https://newyork.craigslist.org/brk/act/d/brooklyn-need-job/7234606825.html,I need a job üíØ
2020-11-27 10:25,https://newyork.craigslist.org/jsy/act/d/new-york-research-study-for-treatment/7230281964.html,Research Study for Treatment-Resistant Depression (ages 21-50)
2020-11-27 10:22,https://newyork.craigslist.org/que/act/d/bronx-invincible-fighting-arts/7237639326.html,Invincible Fighting Arts
2020-11-27 09:42,https://newyork.craigslist.org/mnh/act/d/new-york-trans-gale-seeking-older-man/7235716718.html,‚òØ‚òØ Trans gale seeking older man‚òØ‚òØ
2020-11-27 09:33,https://newyork.craigslist.org/wch/act/d/croton-on-hudson-handyman-needed/7237596117.html,Handyman needed
2020-11-27 09:06,https://newyork.craigslist.org/que/act/d/oakland-gardens-looking-to-hang-out/7237609568.html,looking to hang out
2020-11-27 08:59,https://newyork.craigslist.org/mnh/act/d/new-york-male-looking-for-male-japanese/7235158834.html,male looking for male Japanese/Eng language exchange
2020-11-27 08:28,https://newyork.craigslist.org/que/act/d/flushing-looking-for-female-partner/7237578691.html,Looking for a female partner
2020-11-27 08:26,https://newyork.craigslist.org/wch/act/d/new-york-female-friend-is-wanted/7237575855.html,"üå∑Female ((friend)) is wanted""""""""üå∑"
2020-11-27 08:13,https://newyork.craigslist.org/lgi/act/d/baldwin-give-for/7237591927.html,I give for F
2020-11-27 06:47,https://newyork.craigslist.org/mnh/act/d/new-york-im-pretty-big-mom/7237565945.html,I'm a pretty big mom
2020-11-27 04:29,https://newyork.craigslist.org/que/act/d/east-elmhurst-in-search-of-female/7237554839.html,In search of a female activity partner that is willing to let me eatt.
2020-11-27 03:09,https://newyork.craigslist.org/que/act/d/east-elmhurst-drive-by-dinner/7232226591.html,Drive by dinner ?
2020-11-27 03:09,https://newyork.craigslist.org/que/act/d/east-elmhurst-havent-had-bj-in-months/7236416735.html,Haven‚Äôt had a b.......j in 6 months.
2020-11-27 03:09,https://newyork.craigslist.org/que/act/d/east-elmhurst-car-dinner/7235812805.html,Car dinner ?
2020-11-27 01:17,https://newyork.craigslist.org/brk/act/d/brooklyn-seekng-asian-female-exercise/7237535709.html,seekng asian female exercise partner (indoors)
2020-11-26 23:22,https://newyork.craigslist.org/brk/act/d/brooklyn-lonely-4/7237509067.html,lonely m 4 m
2020-11-26 21:56,https://newyork.craigslist.org/brk/act/d/brooklyn-28f-got-car/7237485205.html,28f got a car?
2020-11-26 21:20,https://newyork.craigslist.org/brk/act/d/brooklyn-stuffed-turkey/7237492758.html,Stuffed turkey
2020-11-26 21:14,https://newyork.craigslist.org/que/act/d/hollis-female-quarantine-buddy-wanted/7236601164.html,FEMALE Quarantine buddy wanted
2020-11-26 20:53,https://newyork.craigslist.org/mnh/act/d/new-york-looking-for-cute-girl-for-fun/7237474586.html,Looking for cute girl for fun activities
2020-11-26 20:28,https://newyork.craigslist.org/mnh/act/d/new-york-for-woman-to-explore/7237472173.html,For a woman to explore
2020-11-26 20:17,https://newyork.craigslist.org/que/act/d/ridgewood-in-need-of-cleaning-lady/7236025879.html,in need of cleaning lady
2020-11-26 20:16,https://newyork.craigslist.org/que/act/d/ridgewood-free-stress-release-body-rub/7236479573.html,Free Stress Release Body Rub for Men
2020-11-26 19:35,https://newyork.craigslist.org/mnh/act/d/new-york-comfort-during-difficult-times/7237456968.html,Comfort during difficult times
2020-11-26 19:16,https://newyork.craigslist.org/stn/act/d/staten-island-come-over-and-ill-show/7237448849.html,Come over and I‚Äôll show you my favorite activity
2020-11-26 18:23,https://newyork.craigslist.org/brk/act/d/brooklyn-pressing-the-heavy-bench-and/7237450186.html,Pressing the heavy bench and dumbbells
2020-11-26 17:36,https://newyork.craigslist.org/que/act/d/woodhaven-friend/7237442818.html,Friend
2020-11-26 17:17,https://newyork.craigslist.org/mnh/act/d/new-york-one-smokin-hot-tradition-thats/7237417966.html,One Smokin-Hot-Tradition That's Not Changing Much This Year
2020-11-26 16:35,https://newyork.craigslist.org/mnh/act/d/new-york-are-you-woman-in-financial/7237403541.html,Are you a woman in financial distress??
2020-11-26 16:18,https://newyork.craigslist.org/wch/act/d/tuckahoe-girl-needed-tonight/7237414770.html,Girl needed tonight
2020-11-26 14:58,https://newyork.craigslist.org/que/act/d/whitestone-happy-thanksgiving/7235602821.html,happy thanksgiving
2020-11-26 14:09,https://newyork.craigslist.org/wch/act/d/croton-on-hudson-seeking-bro-dad-figure/7237322573.html,Seeking Bro/Dad figure
2020-11-26 12:58,https://newyork.craigslist.org/mnh/act/d/new-york-glory/7237325112.html,glory
2020-11-26 12:33,https://newyork.craigslist.org/que/act/d/maspeth-holyday/7237291702.html,holyday
2020-11-26 10:36,https://newyork.craigslist.org/fct/act/d/brookfield-thanksgiving-day-chat/7237277465.html,Thanksgiving Day Chat
2020-11-26 09:10,https://newyork.craigslist.org/que/act/d/oakland-gardens-looking-to-hang-out/7237254877.html,looking to hang out
2020-11-26 09:05,https://newyork.craigslist.org/que/act/d/jackson-heights-me-gusta-ver-la-mierda/7232635301.html,ME GUSTA VER LA MIERDA SALIR DE TU CULO PAPI
2020-11-26 09:05,https://newyork.craigslist.org/que/act/d/jackson-heights-me-gusta-ver-la-mierda/7235865824.html,ME GUSTA VER LA MIERDA SALIR DE TU CULO PAPI
2020-11-26 09:05,https://newyork.craigslist.org/que/act/d/jackson-heights-come-take-shit-on-my/7235864877.html,COME TAKE A SHIT ON MY MOUTH - CAGA ME EN MI BOCA
2020-11-26 08:29,https://newyork.craigslist.org/brx/act/d/bronx-looking-for-models-dancers-and/7237239478.html,looking for models dancers and actress for acting and music videos
2020-11-26 08:21,https://newyork.craigslist.org/lgi/act/d/lynbrook-beginrpianofor/7237237184.html,"*BEGINR,PIANO,For-ADULTs,WARMtchr,JuilliardApprvdMethod,YourHm!"
2020-11-26 08:09,https://newyork.craigslist.org/que/act/d/new-york-bsc-west-newton-members/7237235667.html,BSC West Newton members
2020-11-26 08:00,https://newyork.craigslist.org/wch/act/d/tarrytown-pobbers/7237237816.html,Pobbers
2020-11-26 04:48,https://newyork.craigslist.org/que/act/d/jackson-heights-hundred-and-fifty/7237211413.html,Hundred and fifty reasons to you (m/f)
2020-11-26 04:17,https://newyork.craigslist.org/mnh/act/d/bronx-cooking-together-miracle-whip/7234957040.html,Cooking together (Miracle Whip)
2020-11-26 00:43,https://newyork.craigslist.org/que/act/d/new-york-dugar-sad-needed/7237186804.html,dugar sad needed
2020-11-25 23:34,https://newyork.craigslist.org/mnh/act/d/brooklyn-lets-play-with-my-tonka-trucks/7237160507.html,Let‚Äôs play with my Tonka Trucks!
2020-11-25 20:39,https://newyork.craigslist.org/mnh/act/d/new-york-45yrs-big-boooobs-nice-assss/7237115351.html,45Yrs BIG BOOOOBS NICE ASSSS
2020-11-25 19:53,https://newyork.craigslist.org/brk/act/d/brooklyn-any-ladies-wanna-go-to-an/7231426074.html,Any ladies wanna go to an arcade in Lake George?
2020-11-25 19:53,https://newyork.craigslist.org/brk/act/d/brooklyn-pet-lover/7221936974.html,Pet lover
2020-11-25 19:53,https://newyork.craigslist.org/stn/act/d/staten-island-anyone-into-watersports/7237084706.html,Anyone into Watersports?
2020-11-25 19:19,https://newyork.craigslist.org/stn/act/d/staten-island-any-teachers-have-some/7237084888.html,Any Teachers Have Some Free Time?
2020-11-25 18:44,https://newyork.craigslist.org/mnh/act/d/new-york-gentleman-seeking-female/7227266686.html,gentleman seeking female distraction
2020-11-25 18:34,https://newyork.craigslist.org/brk/act/d/brooklyn-pickle-and-sausage/7235738321.html,Pickle and sausage
2020-11-25 18:19,https://newyork.craigslist.org/brk/act/d/brooklyn-after-hours-latina-escape/7237048822.html,After hours latina escape ...Colombian hottie
2020-11-25 17:41,https://newyork.craigslist.org/mnh/act/d/new-york-seeking-support-advice-male/7237014571.html,Seeking Support/Advice - Male Victim of Sexual Assault
2020-11-25 16:17,https://newyork.craigslist.org/mnh/act/d/new-york-mmasianmentor/7236977888.html,(M&M)AsianMentor
2020-11-25 15:53,https://newyork.craigslist.org/que/act/d/hollis-calling-all-uber-lyft-drivers/7235417970.html,Calling all Uber/Lyft  drivers
2020-11-25 15:48,https://newyork.craigslist.org/brx/act/d/astoria-27year-old-girl/7236946812.html,"((((^^27+++_year ,,,,,,,old girl***)))))"
2020-11-25 15:47,https://newyork.craigslist.org/brk/act/d/brooklyn-bored-guy-seeks-lady-friend/7236976508.html,Bored guy seeks lady friend
2020-11-25 14:24,https://newyork.craigslist.org/mnh/act/d/new-york-outdoor-tennis-friday-35m/7236954782.html,outdoor tennis friday 3.5m
2020-11-25 13:53,https://newyork.craigslist.org/que/act/d/flushing-asian-male/7236896889.html,Asian male
2020-11-25 13:31,https://newyork.craigslist.org/mnh/act/d/new-york-true-maternal-bond/7236903327.html,A True Maternal Bond?
2020-11-25 13:28,https://newyork.craigslist.org/lgi/act/d/levittown-what-happens-in-the-theaters/7236855983.html,What happens in the theaters
2020-11-25 13:21,https://newyork.craigslist.org/lgi/act/d/levittown-what-happens-in-the-theaters/7236853938.html,What happens in the theaters
2020-11-25 12:57,https://newyork.craigslist.org/que/act/d/oakland-gardens-honey-for-peach/7236855721.html,Honey for a peach?
2020-11-25 12:28,https://newyork.craigslist.org/mnh/act/d/new-york-male-seeing-what-females-are/7236842170.html,MALE SEEING WHAT FEMALES ARE ON HERE
2020-11-25 12:10,https://newyork.craigslist.org/stn/act/d/staten-island-free-shoes-and-socks/7233180377.html,Free shoes and socks
2020-11-25 12:10,https://newyork.craigslist.org/stn/act/d/staten-island-tickling/7233491360.html,Tickling
2020-11-25 11:37,https://newyork.craigslist.org/lgi/act/d/southampton-coffee-at-beach/7236780026.html,Coffee at Beach
2020-11-25 11:36,https://newyork.craigslist.org/mnh/act/d/new-york-constrworkers/7235682803.html,ConstrWorkers
2020-11-25 11:32,https://newyork.craigslist.org/mnh/act/d/new-york-rhymes-with-dugar-sad/7236804080.html,rhymes with dugar sad
2020-11-25 11:27,https://newyork.craigslist.org/mnh/act/d/new-york-for-online-freelancers/7236787723.html,For Online Freelancers / Entrepreneurs Circle
2020-11-25 10:51,https://newyork.craigslist.org/wch/act/d/tarrytown-happy-thanksgiving-to-all/7236820222.html,Happy thanksgiving to all gobblers
2020-11-25 10:05,https://newyork.craigslist.org/mnh/act/d/new-york-seek-creative-female-for-phone/7236750815.html,Seek creative female for phone talk
2020-11-25 09:59,https://newyork.craigslist.org/que/act/d/jackson-heights-cd-looking-for-cd/7236759001.html,cd looking for cd activity friends
2020-11-25 09:27,https://newyork.craigslist.org/que/act/d/oakland-gardens-looking-to-hang-out/7236773926.html,looking to hang out
2020-11-25 08:54,https://newyork.craigslist.org/brk/act/d/new-york-wm-l00king-for-man-to-walk-with/7236739958.html,üßú‚Äç‚ôÇÔ∏èüßú‚Äç‚ôÇÔ∏èWM l00king for man to Walk Withüßú‚Äç‚ôÇÔ∏èüßú‚Äç‚ôÇ
2020-11-25 08:51,https://newyork.craigslist.org/brx/act/d/bronx-work-out-shower-up/7235167300.html,"Work out, shower up"
2020-11-25 08:50,https://newyork.craigslist.org/mnh/act/d/new-york-how-can-be-helpful/7233035590.html,How can I be helpful?
2020-11-25 08:49,https://newyork.craigslist.org/mnh/act/d/new-york-bored-couple-looking-to-meet-up/7234359043.html,Bored couple looking to meet up
2020-11-25 08:49,https://newyork.craigslist.org/mnh/act/d/new-york-city-public-role-play/7228465148.html,Public role play
2020-11-25 08:00,https://newyork.craigslist.org/mnh/act/d/new-york-chocolate-enthusiasts/7236733847.html,Chocolate enthusiasts
2020-11-25 06:52,https://newyork.craigslist.org/brk/act/d/new-york-28-thick-girl/7236715266.html,28/y Thick girl
2020-11-25 06:29,https://newyork.craigslist.org/mnh/act/d/corona-ill-take-my-coffee-black/7236712515.html,I‚Äôll take my coffee Black!
2020-11-25 06:23,https://newyork.craigslist.org/brk/act/d/new-york-cd-seeking-male-hangout-partner/7236715258.html,CD seeking male hangout partner
2020-11-25 06:11,https://newyork.craigslist.org/brk/act/d/new-york-looking-for-female-activity/7236715262.html,Looking for female activity partner in the toms river area
2020-11-25 03:59,https://newyork.craigslist.org/lgi/act/d/new-york-big-bbs-nice/7236697675.html,///Big B(())(())BSüëÉ NICE A$}}}
2020-11-25 02:07,https://newyork.craigslist.org/que/act/d/flushing-18f-car-ride-now/7236681047.html,18f car ride now
2020-11-25 00:56,https://newyork.craigslist.org/brk/act/d/brooklyn-ftm-wanting-of-couple-work-out/7233988162.html,FtM wanting of a couple work out buds/trainers to help (BROOKLYN)
2020-11-25 00:10,https://newyork.craigslist.org/que/act/d/howard-beach-fun-loving-older-couple/7236664035.html,fun loving older couple
2020-11-24 22:48,https://newyork.craigslist.org/brk/act/d/brooklyn-activation-pedal-car-who-men/7236637905.html,Activation pedal car* who R men whogo max dash
2020-11-24 22:44,https://newyork.craigslist.org/mnh/act/d/corona-young-female-product-tester/7236628156.html,Young Female product tester sought
2020-11-24 22:21,https://newyork.craigslist.org/mnh/act/d/cedarhurst-seek-friendly-cd-with-camera/7236647452.html,Seek friendly CD with a camera
2020-11-24 22:05,https://newyork.craigslist.org/mnh/act/d/new-york-julia/7236631563.html,JULIA
2020-11-24 21:42,https://newyork.craigslist.org/mnh/act/d/new-york-ivory-for-ebony/7236639159.html,Ivory for Ebony
2020-11-24 20:40,https://newyork.craigslist.org/mnh/act/d/new-york-tennis-this-week-at-east-river/7236624472.html,tennis this week at east river park 3.5m
2020-11-24 20:36,https://newyork.craigslist.org/que/act/d/astoria-tool-servicing/7236597997.html,Tool servicing
2020-11-24 20:22,https://newyork.craigslist.org/mnh/act/d/new-york-activity-partner-sought-m4f/7236594307.html,Activity partner sought m4f
2020-11-24 20:20,https://newyork.craigslist.org/brk/act/d/brooklyn-after-hours-latina-escape/7232617219.html,After hours latina escape ...Colombian hottie
2020-11-24 19:56,https://newyork.craigslist.org/mnh/act/d/new-york-where-are-you-cute-cd-girls-at/7236580741.html,Where are you cute cd girls at
2020-11-24 19:27,https://newyork.craigslist.org/mnh/act/d/new-york-active-partnership-requires/7236596222.html,Active partnership requires
2020-11-24 19:02,https://newyork.craigslist.org/que/act/d/jackson-heights-quiro-chupar-tu-culo/7236533635.html,QUIRO CHUPAR TU CULO SUCIO PAPI
2020-11-24 18:40,https://newyork.craigslist.org/que/act/d/jamaica-couple-couple/7236535995.html,Couple 4 couple
2020-11-24 18:29,https://newyork.craigslist.org/que/act/d/jamaica-male-looking-for-male/7236536138.html,Male looking for Male
2020-11-24 17:58,https://newyork.craigslist.org/lgi/act/d/valley-stream-female-activity-partner/7220402362.html,female activity partner
2020-11-24 17:36,https://newyork.craigslist.org/brk/act/d/brooklyn-after-hours-latina-escape/7228378254.html,After hours latina escape ...Colombian hottie
2020-11-24 17:35,https://newyork.craigslist.org/mnh/act/d/brooklyn-can-keep-secret-most-cannot/7236475694.html,Can u keep a secret? Most cannot....
2020-11-24 17:08,https://newyork.craigslist.org/mnh/act/d/new-york-seek-creative-female-for-phone/7236472615.html,Seek creative female for phone talk
2020-11-24 16:48,https://newyork.craigslist.org/mnh/act/d/new-york-firebase-or-firestore-need/7236506042.html,Firebase or firestore ? I need advice
2020-11-24 15:53,https://newyork.craigslist.org/que/act/d/jackson-heights-buscando-mexicano-para/7232637116.html,BUSCANDO MEXICANO para que me cagar en mi boca
2020-11-24 15:41,https://newyork.craigslist.org/mnh/act/d/new-york-julia/7236437243.html,JULIA
2020-11-24 15:37,https://newyork.craigslist.org/mnh/act/d/new-york-looking-for-activity-partner/7236462393.html,Looking for activity partner
2020-11-24 13:36,https://newyork.craigslist.org/brk/act/d/brooklyn-middle-aged-white-italian-man/7236378835.html,Middle aged White / Italian man
2020-11-24 12:32,https://newyork.craigslist.org/brk/act/d/brooklyn-looking-for-fun/7236345283.html,Looking for fun$
2020-11-24 12:28,https://newyork.craigslist.org/mnh/act/d/new-york-female-looking-for-male/7236283655.html,female looking for a male
2020-11-24 11:59,https://newyork.craigslist.org/stn/act/d/staten-island-em-four-em/7236273646.html,Em four em
2020-11-24 11:39,https://newyork.craigslist.org/brx/act/d/bronx-white-guy-for-black-lady-friends/7227841699.html,White guy for black lady friends
2020-11-24 11:38,https://newyork.craigslist.org/mnh/act/d/new-york-late-night-chat/7236256663.html,Late night chat
2020-11-24 11:26,https://newyork.craigslist.org/que/act/d/oakland-gardens-picle-ball/7236236593.html,Picle Ball 2
2020-11-24 09:51,https://newyork.craigslist.org/que/act/d/jamaica-seeking-females-for-martial/7236213769.html,Seeking females for martial arts/ fitness training
2020-11-24 09:50,https://newyork.craigslist.org/brk/act/d/new-york-48-yrs-big-boooobs-nice-assss/7236205728.html,48 Yrs BIG BOOOOBS NICE ASSSS
2020-11-24 09:08,https://newyork.craigslist.org/brk/act/d/brooklyn-wm-mid-60s-friendly-looking/7236203418.html,"WM mid 60's, friendly looking for a friend who is on top of his game"
2020-11-24 08:56,https://newyork.craigslist.org/mnh/act/d/new-york-mcf-wanteed/7236192844.html,MCF wanteed
2020-11-24 08:42,https://newyork.craigslist.org/que/act/d/oakland-gardens-looking-to-hang-out/7236215267.html,looking to hang out
2020-11-24 04:49,https://newyork.craigslist.org/mnh/act/d/new-york-men-into-male-feet-footwear-or/7236174123.html,"Men into Male Feet, Footwear, or Tickling"
2020-11-24 04:47,https://newyork.craigslist.org/mnh/act/d/new-york-men-into-male-feet-footwear-or/7236174141.html,"Men into Male Feet, Footwear, or Tickling"
2020-11-24 03:59,https://newyork.craigslist.org/mnh/act/d/new-york-looking-for-female-for-one/7236173335.html,looking for a female for a one night stand.
2020-11-24 00:58,https://newyork.craigslist.org/lgi/act/d/glen-cove-girl-needed-as-date-for/7236154144.html,Girl needed as date for office party
2020-11-23 23:30,https://newyork.craigslist.org/stn/act/d/atlanta-looking-to-watch-couple-doing/7236122157.html,Looking to watch a couple doing there fun activities
2020-11-23 21:22,https://newyork.craigslist.org/fct/act/d/norwalk-monday-night-football/7236059286.html,Monday night football
2020-11-23 20:07,https://newyork.craigslist.org/stn/act/d/staten-island-activity-partner-needed/7236027785.html,activity partner needed for Trib. Utes.
2020-11-23 19:25,https://newyork.craigslist.org/lgi/act/d/new-york-older-mwm-looking-for-tonight/7236007125.html,OldeR mwM lookinG fOr toniGht
2020-11-23 19:15,https://newyork.craigslist.org/lgi/act/d/new-york-older-mwm-looking-for-tonight/7236005603.html,OldeR mwM lookinG fOr toniGht
2020-11-23 19:11,https://newyork.craigslist.org/lgi/act/d/new-york-older-mwm-looking-for-tonight/7236006545.html,OldeR mwM lookinG fOr toniGht
2020-11-23 18:57,https://newyork.craigslist.org/brx/act/d/bronx-quiero-pasarla-bien-con-activo/7236027588.html,Quiero pasarla bien con activo
2020-11-23 18:27,https://newyork.craigslist.org/brx/act/d/bronx-guy-here-looking-to-enjoy/7236027403.html,Guy here looking to enjoy activities today
2020-11-23 17:48,https://newyork.craigslist.org/lgi/act/d/new-york/7232598562.html,!!!@@[ùêø()ùëúùìÄùíæùìÉùëî ùíª(()ùìá @ ùìÇùíúùìÅùëí@@ ùíΩùìä
2020-11-23 16:40,https://newyork.craigslist.org/stn/act/d/staten-island-looking-for-tranny-cd-for/7235965292.html,Looking for a Tranny/CD for fun activities
2020-11-23 16:15,https://newyork.craigslist.org/brk/act/d/brooklyn-looking-for-stretching-buddy/7235894930.html,Looking for a stretching buddy
2020-11-23 15:52,https://newyork.craigslist.org/mnh/act/d/new-york-baby-crested-gecko/7235933585.html,Baby Crested Gecko
2020-11-23 14:48,https://newyork.craigslist.org/wch/act/d/mamaroneck-winter-approaching-seekng/7235877590.html,Winter approaching seekng Female Ski partner
2020-11-23 14:43,https://newyork.craigslist.org/mnh/act/d/new-york-mmasiantensionrelieving/7235818951.html,(M&M)AsianTensionRelieving
2020-11-23 14:14,https://newyork.craigslist.org/brk/act/d/nitedark-tint-edwin-dows-who-has-pour/7235807801.html,Nitedark tint-Edwin-dows: who has 5 pour sent?
2020-11-23 13:45,https://newyork.craigslist.org/brk/act/d/brooklyn-wms-looking-for-friend-on-top/7235772416.html,2 wm's looking for a friend on top of his game
2020-11-23 13:14,https://newyork.craigslist.org/mnh/act/d/new-york-gentleman-only-please/7235783057.html,gentleman only please....
2020-11-23 11:46,https://newyork.craigslist.org/brk/act/d/brooklyn-new-adventures/7235706557.html,New Adventures
2020-11-23 10:42,https://newyork.craigslist.org/wch/act/d/bronx-roller-skating-friends/7235719027.html,Roller Skating friends
2020-11-23 10:14,https://newyork.craigslist.org/fct/act/d/stamford-hiking-partner/7235701120.html,Hiking Partner
2020-11-23 09:58,https://newyork.craigslist.org/lgi/act/d/deer-park-need-cleaning-lady/7235659227.html,Need a cleaning lady
2020-11-23 09:25,https://newyork.craigslist.org/que/act/d/oakland-gardens-bottom-cleaning-pipes/7235673088.html,Bottom cleaning pipes today..
2020-11-23 09:23,https://newyork.craigslist.org/brk/act/d/brooklyn-looking-for-activity-partner/7230237687.html,Looking for activity partner (f)
2020-11-23 09:23,https://newyork.craigslist.org/que/act/d/oakland-gardens-looking-to-hang-out/7235671980.html,looking to hang out
2020-11-23 09:10,https://newyork.craigslist.org/lgi/act/d/glen-cove-girlfriend-wanted/7235665850.html,Girlfriend wanted
2020-11-23 08:17,https://newyork.craigslist.org/brk/act/d/new-york-couples-fun/7235624118.html,Couples fun
2020-11-23 08:00,https://newyork.craigslist.org/jsy/act/d/new-york-normal-cute-guys/7235624095.html,Normal cute Guys
2020-11-23 07:51,https://newyork.craigslist.org/lgi/act/d/valley-stream-female-activity-partner/7219520879.html,female activity partner
2020-11-23 06:17,https://newyork.craigslist.org/mnh/act/d/new-york-mm-bottom-for-bondage-partner/7235613870.html,M‚òÄ‚òÄm ‚òÄ‚òÄ bottom for bondage partner
2020-11-23 05:21,https://newyork.craigslist.org/mnh/act/d/new-york-tickle-talk-a-women/7235610411.html,Tickle Talk w/a Women
2020-11-01 05:43,https://newyork.craigslist.org/mnh/act/d/new-york-have-mycake-and-eat-it-too/7223643127.html,HaVe mycake and eat it Too ooooold fashioned here
2020-11-01 05:19,https://newyork.craigslist.org/mnh/act/d/new-york-great-buttand-iam-mom/7223643028.html,Great buttand iam a mom Neeeeeext doorrrrrrr
2020-11-01 05:13,https://newyork.craigslist.org/mnh/act/d/new-york-pitstop-woman-for-foooooood/7223642656.html,Pitstop Woman for foooooood delivry cable MenNNN
2020-10-31 22:37,https://newyork.craigslist.org/lgi/act/d/oceanside-man-in-nassau/7223590924.html,Man In Nassau
